date,home_team,away_team,home_score,away_score,tournament,city,country,neutral
1927-11-01,Peru,Uruguay,0,4,Copa América,Lima,Peru,FALSE
1927-11-13,Peru,Bolivia,3,2,Copa América,Lima,Peru,FALSE
1927-11-27,Peru,Argentina,1,5,Copa América,Lima,Peru,FALSE
1929-11-03,Argentina,Peru,3,0,Copa América,Buenos Aires,Argentina,FALSE
1929-11-11,Peru,Uruguay,1,4,Copa América,Buenos Aires,Argentina,TRUE
1929-11-16,Paraguay,Peru,5,0,Copa América,Avellaneda,Argentina,TRUE
1930-07-14,Peru,Romania,1,3,FIFA World Cup,Montevideo,Uruguay,TRUE
1930-07-18,Uruguay,Peru,1,0,FIFA World Cup,Montevideo,Uruguay,FALSE
1935-01-13,Peru,Uruguay,0,1,Copa América,Lima,Peru,FALSE
1935-01-20,Peru,Argentina,1,4,Copa América,Lima,Peru,FALSE
1935-01-26,Peru,Chile,1,0,Copa América,Lima,Peru,FALSE
1936-12-27,Brazil,Peru,3,2,Copa América,Buenos Aires,Argentina,TRUE
1937-01-06,Peru,Uruguay,2,4,Copa América,Buenos Aires,Argentina,TRUE
1937-01-16,Argentina,Peru,1,0,Copa América,Buenos Aires,Argentina,FALSE
1937-01-21,Chile,Peru,2,2,Copa América,Buenos Aires,Argentina,TRUE
1937-01-24,Paraguay,Peru,0,1,Copa América,Buenos Aires,Argentina,TRUE
1938-08-08,Colombia,Peru,2,4,Friendly,Bogotá,Colombia,FALSE
1938-08-11,Ecuador,Peru,1,9,Friendly,Bogotá,Colombia,TRUE
1938-08-17,Peru,Venezuela,2,1,Friendly,Bogotá,Colombia,TRUE
1939-01-15,Peru,Ecuador,5,2,Copa América,Lima,Peru,FALSE
1939-01-22,Peru,Chile,3,1,Copa América,Lima,Peru,FALSE
1939-01-29,Peru,Paraguay,3,0,Copa América,Lima,Peru,FALSE
1939-02-12,Peru,Uruguay,2,1,Copa América,Lima,Peru,FALSE
1941-01-19,Peru,Argentina,1,1,Friendly,Lima,Peru,FALSE
1941-01-26,Peru,Argentina,1,1,Friendly,Lima,Peru,FALSE
1941-01-29,Peru,Argentina,0,3,Friendly,Lima,Peru,FALSE
1941-02-09,Chile,Peru,1,0,Copa América,Santiago,Chile,FALSE
1941-02-12,Argentina,Peru,2,1,Copa América,Santiago,Chile,TRUE
1941-02-23,Ecuador,Peru,0,4,Copa América,Santiago,Chile,TRUE
1941-02-26,Peru,Uruguay,0,2,Copa América,Santiago,Chile,TRUE
1942-01-18,Paraguay,Peru,1,1,Copa América,Montevideo,Uruguay,TRUE
1942-01-21,Brazil,Peru,2,1,Copa América,Montevideo,Uruguay,TRUE
1942-01-25,Argentina,Peru,3,1,Copa América,Montevideo,Uruguay,TRUE
1942-01-28,Ecuador,Peru,1,2,Copa América,Montevideo,Uruguay,TRUE
1942-02-01,Uruguay,Peru,3,0,Copa América,Montevideo,Uruguay,FALSE
1942-02-07,Chile,Peru,0,0,Copa América,Montevideo,Uruguay,TRUE
1947-12-06,Paraguay,Peru,2,2,Copa América,Guayaquil,Ecuador,TRUE
1947-12-09,Chile,Peru,2,1,Copa América,Guayaquil,Ecuador,TRUE
1947-12-11,Argentina,Peru,3,2,Copa América,Guayaquil,Ecuador,TRUE
1947-12-20,Ecuador,Peru,0,0,Copa América,Guayaquil,Ecuador,FALSE
1947-12-23,Colombia,Peru,1,5,Copa América,Guayaquil,Ecuador,TRUE
1947-12-25,Peru,Uruguay,0,1,Copa América,Guayaquil,Ecuador,TRUE
1947-12-27,Bolivia,Peru,0,2,Copa América,Guayaquil,Ecuador,TRUE
1949-04-10,Colombia,Peru,0,4,Copa América,Rio de Janeiro,Brazil,TRUE
1949-04-13,Paraguay,Peru,3,1,Copa América,Rio de Janeiro,Brazil,TRUE
1949-04-20,Ecuador,Peru,0,4,Copa América,Rio de Janeiro,Brazil,TRUE
1949-04-24,Brazil,Peru,7,1,Copa América,Rio de Janeiro,Brazil,FALSE
1949-04-27,Bolivia,Peru,0,3,Copa América,Santos,Brazil,TRUE
1949-04-30,Chile,Peru,0,3,Copa América,São Paulo,Brazil,TRUE
1949-05-04,Peru,Uruguay,4,3,Copa América,Rio de Janeiro,Brazil,TRUE
1952-03-23,Panama,Peru,1,7,Pan American Championship,Santiago,Chile,TRUE
1952-03-30,Peru,Uruguay,2,5,Pan American Championship,Santiago,Chile,TRUE
1952-04-02,Chile,Peru,3,2,Pan American Championship,Santiago,Chile,FALSE
1952-04-10,Brazil,Peru,0,0,Pan American Championship,Santiago,Chile,TRUE
1952-04-20,Mexico,Peru,0,3,Pan American Championship,Santiago,Chile,TRUE
1953-02-22,Peru,Bolivia,0,1,Copa América,Lima,Peru,FALSE
1953-02-28,Peru,Ecuador,1,0,Copa América,Lima,Peru,FALSE
1953-03-04,Peru,Chile,0,0,Copa América,Lima,Peru,FALSE
1953-03-08,Peru,Paraguay,2,2,Copa América,Lima,Peru,FALSE
1953-03-19,Peru,Brazil,1,0,Copa América,Lima,Peru,FALSE
1953-03-28,Peru,Uruguay,0,3,Copa América,Lima,Peru,FALSE
1953-07-26,Peru,Chile,1,2,Copa del Pacífico,Lima,Peru,FALSE
1953-07-28,Peru,Chile,5,0,Copa del Pacífico,Lima,Peru,FALSE
1954-09-17,Chile,Peru,2,1,Copa del Pacífico,Santiago,Chile,FALSE
1954-09-19,Chile,Peru,2,4,Copa del Pacífico,Santiago,Chile,FALSE
1955-03-06,Chile,Peru,5,4,Copa América,Santiago,Chile,FALSE
1955-03-13,Ecuador,Peru,2,4,Copa América,Santiago,Chile,TRUE
1955-03-23,Paraguay,Peru,1,1,Copa América,Santiago,Chile,TRUE
1955-03-30,Peru,Uruguay,2,1,Copa América,Santiago,Chile,TRUE
1955-04-25,Argentina,Peru,2,2,Copa América,Santiago,Chile,TRUE
1956-01-22,Argentina,Peru,2,1,Copa América,Montevideo,Uruguay,TRUE
1956-01-28,Uruguay,Peru,2,0,Copa América,Montevideo,Uruguay,FALSE
1956-02-01,Brazil,Peru,2,1,Copa América,Montevideo,Uruguay,TRUE
1956-02-05,Paraguay,Peru,1,1,Copa América,Montevideo,Uruguay,TRUE
1956-02-09,Chile,Peru,4,3,Copa América,Montevideo,Uruguay,TRUE
1956-02-28,Argentina,Peru,0,0,Pan American Championship,Mexico City,Mexico,TRUE
1956-03-04,Mexico,Peru,0,2,Pan American Championship,Mexico City,Mexico,FALSE
1956-03-06,Brazil,Peru,1,0,Pan American Championship,Mexico City,Mexico,TRUE
1956-03-15,Chile,Peru,2,2,Pan American Championship,Mexico City,Mexico,TRUE
1956-03-17,Costa Rica,Peru,4,2,Pan American Championship,Mexico City,Mexico,TRUE
1957-03-10,Peru,Ecuador,2,1,Copa América,Lima,Peru,FALSE
1957-03-16,Peru,Chile,1,0,Copa América,Lima,Peru,FALSE
1957-03-23,Peru,Uruguay,3,5,Copa América,Lima,Peru,FALSE
1957-03-27,Peru,Colombia,4,1,Copa América,Lima,Peru,FALSE
1957-03-31,Peru,Brazil,0,1,Copa América,Lima,Peru,FALSE
1957-04-06,Peru,Argentina,2,1,Copa América,Lima,Peru,FALSE
1957-04-09,Peru,Argentina,1,4,Friendly,Lima,Peru,FALSE
1957-04-13,Peru,Brazil,1,1,FIFA World Cup qualification,Lima,Peru,FALSE
1957-04-21,Brazil,Peru,1,0,FIFA World Cup qualification,Rio de Janeiro,Brazil,FALSE
1959-03-10,Brazil,Peru,2,2,Copa América,Buenos Aires,Argentina,TRUE
1959-03-14,Peru,Uruguay,5,3,Copa América,Buenos Aires,Argentina,TRUE
1959-03-18,Argentina,Peru,3,1,Copa América,Buenos Aires,Argentina,FALSE
1959-03-21,Chile,Peru,1,1,Copa América,Buenos Aires,Argentina,TRUE
1959-03-29,Bolivia,Peru,0,0,Copa América,Buenos Aires,Argentina,TRUE
1959-04-02,Paraguay,Peru,2,1,Copa América,Buenos Aires,Argentina,TRUE
1959-05-17,Peru,England,4,1,Friendly,Lima,Peru,FALSE
1960-07-10,Peru,Spain,1,3,Friendly,Lima,Peru,FALSE
1961-03-19,Chile,Peru,5,2,Friendly,Santiago,Chile,FALSE
1961-04-30,Colombia,Peru,1,0,FIFA World Cup qualification,Bogotá,Colombia,FALSE
1961-05-07,Peru,Colombia,1,1,FIFA World Cup qualification,Lima,Peru,FALSE
1962-05-20,Peru,England,0,4,Friendly,Lima,Peru,FALSE
1963-03-10,Brazil,Peru,1,0,Copa América,Cochabamba,Bolivia,TRUE
1963-03-13,Argentina,Peru,1,2,Copa América,Cochabamba,Bolivia,TRUE
1963-03-17,Ecuador,Peru,1,2,Copa América,La Paz,Bolivia,TRUE
1963-03-21,Bolivia,Peru,3,2,Copa América,La Paz,Bolivia,FALSE
1963-03-24,Colombia,Peru,1,1,Copa América,La Paz,Bolivia,TRUE
1963-03-27,Paraguay,Peru,4,1,Copa América,Cochabamba,Bolivia,TRUE
1965-04-03,Peru,Paraguay,0,1,Friendly,Lima,Peru,FALSE
1965-04-15,Chile,Peru,4,1,Copa del Pacífico,Santiago,Chile,FALSE
1965-04-28,Peru,Chile,0,1,Copa del Pacífico,Lima,Peru,FALSE
1965-05-16,Peru,Venezuela,1,0,FIFA World Cup qualification,Lima,Peru,FALSE
1965-06-02,Venezuela,Peru,3,6,FIFA World Cup qualification,Caracas,Venezuela,FALSE
1965-06-06,Peru,Uruguay,0,1,FIFA World Cup qualification,Lima,Peru,FALSE
1965-06-13,Uruguay,Peru,2,1,FIFA World Cup qualification,Montevideo,Uruguay,FALSE
1966-06-04,Brazil,Peru,4,0,Friendly,São Paulo,Brazil,FALSE
1966-06-08,Brazil,Peru,3,1,Friendly,Rio de Janeiro,Brazil,FALSE
1967-07-28,Peru,Uruguay,0,1,Friendly,Lima,Peru,FALSE
1967-07-30,Peru,Uruguay,1,2,Friendly,Lima,Peru,FALSE
1968-07-14,Peru,Brazil,3,4,Friendly,Lima,Peru,FALSE
1968-07-17,Peru,Brazil,0,4,Friendly,Lima,Peru,FALSE
1968-08-18,Peru,Chile,1,2,Copa del Pacífico,Lima,Peru,FALSE
1968-08-21,Peru,Chile,0,0,Copa del Pacífico,Lima,Peru,FALSE
1968-08-29,Peru,Argentina,2,2,Friendly,Lima,Peru,FALSE
1968-09-01,Peru,Argentina,1,1,Friendly,Lima,Peru,FALSE
1968-10-20,Peru,Mexico,3,3,Friendly,Lima,Peru,FALSE
1969-04-07,Brazil,Peru,2,1,Friendly,Porto Alegre,Brazil,FALSE
1969-04-09,Brazil,Peru,3,2,Friendly,Rio de Janeiro,Brazil,FALSE
1969-05-08,Colombia,Peru,1,3,Friendly,Bogotá,Colombia,FALSE
1969-05-14,El Salvador,Peru,1,4,Friendly,San Salvador,El Salvador,FALSE
1969-05-20,Mexico,Peru,0,1,Friendly,Mexico City,Mexico,FALSE
1969-05-22,Mexico,Peru,3,0,Friendly,León,Mexico,FALSE
1969-06-18,Peru,Colombia,1,1,Friendly,Lima,Peru,FALSE
1969-06-27,Peru,Uruguay,1,0,Friendly,Lima,Peru,FALSE
1969-07-09,Peru,Paraguay,2,1,Friendly,Lima,Peru,FALSE
1969-07-18,Peru,Paraguay,2,1,Friendly,Lima,Peru,FALSE
1969-08-03,Peru,Argentina,1,0,FIFA World Cup qualification,Lima,Peru,FALSE
1969-08-10,Bolivia,Peru,2,1,FIFA World Cup qualification,La Paz,Bolivia,FALSE
1969-08-17,Peru,Bolivia,3,0,FIFA World Cup qualification,Lima,Peru,FALSE
1969-08-31,Argentina,Peru,2,2,FIFA World Cup qualification,Buenos Aires,Argentina,FALSE
1970-02-04,Peru,Czechoslovakia,0,2,Friendly,Lima,Peru,FALSE
1970-02-07,Peru,Czechoslovakia,2,1,Friendly,Lima,Peru,FALSE
1970-02-09,Peru,Romania,1,1,Friendly,Lima,Peru,FALSE
1970-02-14,Peru,Russia,0,0,Friendly,Lima,Peru,FALSE
1970-02-20,Peru,Russia,0,2,Friendly,Lima,Peru,FALSE
1970-02-21,Peru,Bulgaria,1,3,Friendly,Lima,Peru,FALSE
1970-02-24,Peru,Bulgaria,5,3,Friendly,Lima,Peru,FALSE
1970-03-05,Peru,Mexico,0,1,Friendly,Lima,Peru,FALSE
1970-03-08,Peru,Mexico,1,0,Friendly,Lima,Peru,FALSE
1970-03-15,Mexico,Peru,3,1,Friendly,Mexico City,Mexico,FALSE
1970-03-18,Mexico,Peru,3,3,Friendly,León,Mexico,FALSE
1970-03-31,Uruguay,Peru,2,0,Friendly,Montevideo,Uruguay,FALSE
1970-04-21,Peru,El Salvador,3,0,Friendly,Lima,Peru,FALSE
1970-06-02,Bulgaria,Peru,2,3,FIFA World Cup,León,Mexico,TRUE
1970-06-06,Morocco,Peru,0,3,FIFA World Cup,León,Mexico,TRUE
1970-06-10,Germany,Peru,3,1,FIFA World Cup,León,Mexico,TRUE
1970-06-14,Brazil,Peru,4,2,FIFA World Cup,Guadalajara,Mexico,TRUE
1971-07-27,Peru,Paraguay,0,0,Friendly,Lima,Peru,FALSE
1971-08-11,Peru,Chile,1,0,Copa del Pacífico,Lima,Peru,FALSE
1971-08-15,Paraguay,Peru,2,0,Friendly,Asunción,Paraguay,FALSE
1971-08-18,Chile,Peru,1,0,Copa del Pacífico,Santiago,Chile,FALSE
1972-03-29,Colombia,Peru,1,1,Friendly,Bogotá,Colombia,FALSE
1972-04-05,Mexico,Peru,2,1,Friendly,Mexico City,Mexico,FALSE
1972-04-19,Russia,Peru,2,0,Friendly,Kyïv,Soviet Union,FALSE
1972-04-23,Romania,Peru,2,2,Friendly,Bucharest,Romania,FALSE
1972-04-26,Scotland,Peru,2,0,Friendly,Glasgow,Scotland,FALSE
1972-05-03,Netherlands,Peru,3,0,Friendly,Rotterdam,Netherlands,FALSE
1972-06-11,Bolivia,Peru,0,3,Brazil Independence Cup,Curitiba,Brazil,TRUE
1972-06-14,Paraguay,Peru,1,0,Brazil Independence Cup,Campo Grande,Brazil,TRUE
1972-06-18,Peru,Venezuela,1,0,Brazil Independence Cup,Manaus,Brazil,TRUE
1972-06-25,Peru,Yugoslavia,1,2,Brazil Independence Cup,Manaus,Brazil,TRUE
1972-08-09,Peru,Mexico,3,2,Friendly,Lima,Peru,FALSE
1972-10-25,Peru,Argentina,0,2,Copa Ramón Castilla,Lima,Peru,FALSE
1973-03-04,Peru,Guatemala,5,1,Friendly,Lima,Peru,FALSE
1973-03-24,Peru,Bolivia,2,0,Friendly,Lima,Peru,FALSE
1973-03-28,Peru,Paraguay,1,0,Friendly,Lima,Peru,FALSE
1973-04-08,Paraguay,Peru,1,1,Friendly,Asunción,Paraguay,FALSE
1973-04-23,Peru,Panama,4,0,Friendly,Lima,Peru,FALSE
1973-04-29,Peru,Chile,2,0,FIFA World Cup qualification,Lima,Peru,FALSE
1973-05-13,Chile,Peru,2,0,FIFA World Cup qualification,Santiago,Chile,FALSE
1973-07-01,Peru,Colombia,3,1,Friendly,Lima,Peru,FALSE
1973-07-15,Bolivia,Peru,2,0,Friendly,La Paz,Bolivia,FALSE
1973-07-27,Argentina,Peru,3,1,Copa Ramón Castilla,Buenos Aires,Argentina,FALSE
1973-08-05,Chile,Peru,2,1,FIFA World Cup qualification,Montevideo,Uruguay,TRUE
1975-06-22,Ecuador,Peru,6,0,Friendly,Quito,Ecuador,FALSE
1975-06-25,Ecuador,Peru,1,0,Friendly,Guayaquil,Ecuador,FALSE
1975-07-01,Peru,Ecuador,2,0,Friendly,Lima,Peru,FALSE
1975-07-10,Peru,Paraguay,2,0,Friendly,Lima,Peru,FALSE
1975-07-17,Chile,Peru,1,1,Copa América,Santiago,Chile,FALSE
1975-07-27,Bolivia,Peru,0,1,Copa América,Oruro,Bolivia,FALSE
1975-08-07,Peru,Bolivia,3,1,Copa América,Lima,Peru,FALSE
1975-08-20,Peru,Chile,3,1,Copa América,Lima,Peru,FALSE
1975-09-30,Brazil,Peru,1,3,Copa América,Belo Horizonte,Brazil,FALSE
1975-10-04,Peru,Brazil,0,2,Copa América,Lima,Peru,FALSE
1975-10-16,Colombia,Peru,1,0,Copa América,Bogotá,Colombia,FALSE
1975-10-22,Peru,Colombia,2,0,Copa América,Lima,Peru,FALSE
1975-10-28,Colombia,Peru,0,1,Copa América,Caracas,Venezuela,TRUE
1976-10-12,Peru,Uruguay,0,0,Friendly,Lima,Peru,FALSE
1976-10-28,Peru,Argentina,1,3,Copa Ramón Castilla,Lima,Peru,FALSE
1976-11-10,Argentina,Peru,1,0,Copa Ramón Castilla,Buenos Aires,Argentina,FALSE
1976-11-24,Uruguay,Peru,0,0,Friendly,Montevideo,Uruguay,FALSE
1977-02-09,Peru,Hungary,3,2,Friendly,Lima,Peru,FALSE
1977-02-20,Ecuador,Peru,1,1,FIFA World Cup qualification,Quito,Ecuador,FALSE
1977-03-06,Chile,Peru,1,1,FIFA World Cup qualification,Santiago,Chile,FALSE
1977-03-12,Peru,Ecuador,4,0,FIFA World Cup qualification,Lima,Peru,FALSE
1977-03-26,Peru,Chile,2,0,FIFA World Cup qualification,Lima,Peru,FALSE
1977-05-17,Mexico,Peru,1,1,Friendly,Mexico City,Mexico,FALSE
1977-05-24,Mexico,Peru,2,1,Friendly,Monterrey,Mexico,FALSE
1977-05-26,Haiti,Peru,1,2,Friendly,Port-au-Prince,Haiti,FALSE
1977-05-29,Haiti,Peru,2,2,Friendly,Port-au-Prince,Haiti,FALSE
1977-06-10,Peru,Poland,1,3,Friendly,Lima,Peru,FALSE
1977-07-10,Peru,Brazil,0,1,FIFA World Cup qualification,Cali,Colombia,TRUE
1977-07-17,Peru,Bolivia,5,0,FIFA World Cup qualification,Cali,Colombia,TRUE
1978-03-19,Argentina,Peru,2,1,Copa Ramón Castilla,Buenos Aires,Argentina,FALSE
1978-03-23,Peru,Argentina,1,3,Copa Ramón Castilla,Lima,Peru,FALSE
1978-04-01,Peru,Bulgaria,1,1,Friendly,Lima,Peru,FALSE
1978-04-11,Mexico,Peru,0,1,Friendly,Los Angeles,United States,TRUE
1978-04-22,Peru,China PR,2,1,Friendly,Lima,Peru,FALSE
1978-05-01,Brazil,Peru,3,0,Friendly,Rio de Janeiro,Brazil,FALSE
1978-06-03,Peru,Scotland,3,1,FIFA World Cup,Córdoba,Argentina,TRUE
1978-06-07,Netherlands,Peru,0,0,FIFA World Cup,Mendoza,Argentina,TRUE
1978-06-11,Iran,Peru,1,4,FIFA World Cup,Córdoba,Argentina,TRUE
1978-06-14,Brazil,Peru,3,0,FIFA World Cup,Mendoza,Argentina,TRUE
1978-06-18,Peru,Poland,0,1,FIFA World Cup,Mendoza,Argentina,TRUE
1978-06-21,Argentina,Peru,6,0,FIFA World Cup,Rosario,Argentina,FALSE
1979-07-11,Peru,Ecuador,2,1,Friendly,Lima,Peru,FALSE
1979-07-18,Peru,Colombia,0,1,Friendly,Lima,Peru,FALSE
1979-07-25,Colombia,Peru,1,2,Friendly,Bogotá,Colombia,FALSE
1979-08-08,Ecuador,Peru,2,1,Friendly,Quito,Ecuador,FALSE
1979-08-30,Peru,Uruguay,2,0,Friendly,Lima,Peru,FALSE
1979-09-12,Scotland,Peru,1,1,Friendly,Glasgow,Scotland,FALSE
1979-10-10,Peru,Paraguay,2,3,Friendly,Lima,Peru,FALSE
1979-10-17,Peru,Chile,1,2,Copa América,Lima,Peru,FALSE
1979-10-24,Chile,Peru,0,0,Copa América,Santiago,Chile,FALSE
1979-11-01,Mexico,Peru,1,0,Friendly,Monterrey,Mexico,FALSE
1980-07-18,Uruguay,Peru,0,0,Friendly,Montevideo,Uruguay,FALSE
1980-11-12,Peru,Uruguay,1,1,Friendly,Lima,Peru,FALSE
1981-02-11,Peru,Bulgaria,1,2,Friendly,Lima,Peru,FALSE
1981-04-19,Chile,Peru,3,0,Friendly,Santiago,Chile,FALSE
1981-07-26,Colombia,Peru,1,1,FIFA World Cup qualification,Bogotá,Colombia,FALSE
1981-08-05,Peru,Chile,1,2,Friendly,Lima,Peru,FALSE
1981-08-16,Peru,Colombia,2,0,FIFA World Cup qualification,Lima,Peru,FALSE
1981-08-23,Uruguay,Peru,1,2,FIFA World Cup qualification,Montevideo,Uruguay,FALSE
1981-09-06,Peru,Uruguay,0,0,FIFA World Cup qualification,Lima,Peru,FALSE
1982-03-23,Chile,Peru,2,1,Friendly,Santiago,Chile,FALSE
1982-03-30,Peru,Chile,1,0,Copa del Pacífico,Lima,Peru,FALSE
1982-04-18,Hungary,Peru,1,2,Friendly,Budapest,Hungary,FALSE
1982-04-25,Algeria,Peru,1,1,Friendly,Algiers,Algeria,FALSE
1982-04-28,France,Peru,0,1,Friendly,Paris,France,FALSE
1982-06-15,Peru,Cameroon,0,0,FIFA World Cup,La Coruña,Spain,TRUE
1982-06-18,Italy,Peru,1,1,FIFA World Cup,Vigo,Spain,TRUE
1982-06-22,Poland,Peru,5,1,FIFA World Cup,La Coruña,Spain,TRUE
1983-07-18,Uruguay,Peru,1,1,Friendly,Montevideo,Uruguay,FALSE
1983-07-21,Peru,Chile,0,1,Copa del Pacífico,Lima,Peru,FALSE
1983-08-03,Chile,Peru,2,0,Copa del Pacífico,Arica,Chile,FALSE
1983-08-11,Peru,Uruguay,1,1,Friendly,Lima,Peru,FALSE
1983-08-17,Peru,Colombia,1,0,Copa América,Lima,Peru,FALSE
1983-08-21,Bolivia,Peru,1,1,Copa América,La Paz,Bolivia,FALSE
1983-08-28,Colombia,Peru,2,2,Copa América,Bogotá,Colombia,FALSE
1983-09-04,Peru,Bolivia,2,1,Copa América,Lima,Peru,FALSE
1983-10-05,Peru,Paraguay,0,2,Friendly,Lima,Peru,FALSE
1983-10-07,Paraguay,Peru,4,1,Friendly,Asunción,Paraguay,FALSE
1983-10-13,Peru,Uruguay,0,1,Copa América,Lima,Peru,FALSE
1983-10-20,Uruguay,Peru,1,1,Copa América,Montevideo,Uruguay,FALSE
1984-02-26,Peru,Honduras,1,3,Friendly,Lima,Peru,FALSE
1984-08-09,Peru,Colombia,0,0,Friendly,Lima,Peru,FALSE
1984-09-19,Uruguay,Peru,2,0,Friendly,Montevideo,Uruguay,FALSE
1984-10-03,Peru,Uruguay,1,3,Friendly,Lima,Peru,FALSE
1985-02-17,Peru,Bolivia,3,0,Friendly,Lima,Peru,FALSE
1985-02-24,Chile,Peru,1,2,Friendly,Santiago,Chile,FALSE
1985-02-27,Uruguay,Peru,2,2,Friendly,Montevideo,Uruguay,FALSE
1985-03-09,Peru,Chile,1,1,Friendly,Lima,Peru,FALSE
1985-03-21,Peru,Ecuador,1,0,Friendly,Lima,Peru,FALSE
1985-04-23,Peru,Uruguay,2,1,Friendly,Lima,Peru,FALSE
1985-04-28,Brazil,Peru,0,1,Friendly,Brasília,Brazil,FALSE
1985-05-01,Bolivia,Peru,0,0,Friendly,Santa Cruz,Bolivia,FALSE
1985-05-26,Colombia,Peru,1,0,FIFA World Cup qualification,Bogotá,Colombia,FALSE
1985-06-02,Venezuela,Peru,0,1,FIFA World Cup qualification,San Cristóbal,Venezuela,FALSE
1985-06-09,Peru,Colombia,0,0,FIFA World Cup qualification,Lima,Peru,FALSE
1985-06-16,Peru,Venezuela,4,1,FIFA World Cup qualification,Lima,Peru,FALSE
1985-06-23,Peru,Argentina,1,0,FIFA World Cup qualification,Lima,Peru,FALSE
1985-06-30,Argentina,Peru,2,2,FIFA World Cup qualification,Buenos Aires,Argentina,FALSE
1985-09-20,Mexico,Peru,0,0,Friendly,Los Angeles,United States,TRUE
1985-09-22,Mexico,Peru,1,0,Friendly,San Jose,United States,TRUE
1985-10-16,Peru,Paraguay,0,1,Friendly,Lima,Peru,FALSE
1985-10-27,Chile,Peru,4,2,FIFA World Cup qualification,Santiago,Chile,FALSE
1985-11-03,Peru,Chile,0,1,FIFA World Cup qualification,Lima,Peru,FALSE
1986-01-28,China PR,Peru,3,1,Nehru Cup,Trivandrum,India,TRUE
1986-01-30,India,Peru,0,1,Nehru Cup,Trivandrum,India,FALSE
1986-04-01,Brazil,Peru,4,0,Friendly,São Luís,Brazil,FALSE
1987-06-19,Peru,Chile,1,3,Friendly,Lima,Peru,FALSE
1987-06-21,Peru,Chile,2,0,Friendly,Lima,Peru,FALSE
1987-06-24,Chile,Peru,1,0,Friendly,Santiago,Chile,FALSE
1987-06-27,Argentina,Peru,1,1,Copa América,Buenos Aires,Argentina,FALSE
1987-07-04,Peru,Ecuador,1,1,Copa América,Buenos Aires,Argentina,TRUE
1988-03-26,Peru,Canada,1,3,Friendly,Lima,Peru,FALSE
1988-09-21,Peru,Paraguay,0,1,Friendly,Lima,Peru,FALSE
1988-10-25,Chile,Peru,2,0,Copa del Pacífico,Arica,Chile,FALSE
1988-11-23,Peru,Chile,1,1,Copa del Pacífico,Lima,Peru,FALSE
1988-12-14,Uruguay,Peru,3,0,Friendly,Montevideo,Uruguay,FALSE
1989-02-01,Chile,Peru,0,0,Friendly,Armenia,Colombia,TRUE
1989-02-03,Colombia,Peru,1,0,Friendly,Pereira,Colombia,FALSE
1989-05-10,Brazil,Peru,4,1,Friendly,Fortaleza,Brazil,FALSE
1989-05-15,Paraguay,Peru,1,1,Friendly,Asunción,Paraguay,FALSE
1989-05-18,Peru,Venezuela,2,1,Friendly,Lima,Peru,FALSE
1989-05-24,Peru,Brazil,1,1,Friendly,Lima,Peru,FALSE
1989-06-04,United States,Peru,3,0,Friendly,East Rutherford,United States,FALSE
1989-06-16,Trinidad and Tobago,Peru,2,1,Friendly,Port of Spain,Trinidad and Tobago,FALSE
1989-06-20,Ecuador,Peru,1,2,Friendly,Port of Spain,Trinidad and Tobago,TRUE
1989-06-25,Venezuela,Peru,3,1,Friendly,San Cristóbal,Venezuela,FALSE
1989-07-01,Paraguay,Peru,5,2,Copa América,Salvador,Brazil,TRUE
1989-07-03,Brazil,Peru,0,0,Copa América,Salvador,Brazil,FALSE
1989-07-05,Peru,Venezuela,1,1,Copa América,Salvador,Brazil,TRUE
1989-07-09,Colombia,Peru,1,1,Copa América,Recife,Brazil,TRUE
1989-07-25,Chile,Peru,2,1,Friendly,Arica,Chile,FALSE
1989-08-20,Bolivia,Peru,2,1,FIFA World Cup qualification,La Paz,Bolivia,FALSE
1989-08-27,Peru,Uruguay,0,2,FIFA World Cup qualification,Lima,Peru,FALSE
1989-09-10,Peru,Bolivia,1,2,FIFA World Cup qualification,Lima,Peru,FALSE
1989-09-24,Uruguay,Peru,2,0,FIFA World Cup qualification,Montevideo,Uruguay,FALSE
1991-06-06,Peru,Ecuador,0,1,Friendly,Lima,Peru,FALSE
1991-06-12,Peru,Uruguay,1,0,Friendly,Lima,Peru,FALSE
1991-06-20,Uruguay,Peru,0,0,Friendly,Montevideo,Uruguay,FALSE
1991-06-25,Ecuador,Peru,2,2,Friendly,Guayaquil,Ecuador,FALSE
1991-07-06,Paraguay,Peru,1,0,Copa América,Santiago,Chile,TRUE
1991-07-08,Chile,Peru,4,2,Copa América,Concepción,Chile,FALSE
1991-07-12,Peru,Venezuela,5,1,Copa América,Santiago,Chile,TRUE
1991-07-14,Argentina,Peru,3,2,Copa América,Santiago,Chile,TRUE
1993-01-23,Venezuela,Peru,0,0,Friendly,Puerto Ordaz,Venezuela,FALSE
1993-01-27,Peru,Honduras,1,1,Friendly,Lima,Peru,FALSE
1993-01-30,Peru,Belarus,1,1,Friendly,Lima,Peru,FALSE
1993-02-03,Peru,Romania,0,2,Friendly,Lima,Peru,FALSE
1993-05-26,United States,Peru,0,0,Friendly,Mission Viejo,United States,FALSE
1993-05-30,Ecuador,Peru,1,0,Friendly,Quito,Ecuador,FALSE
1993-06-06,Peru,Bolivia,1,0,Friendly,Lima,Peru,FALSE
1993-06-11,Peru,Venezuela,3,1,Friendly,Arequipa,Peru,FALSE
1993-06-18,Brazil,Peru,0,0,Copa América,Cuenca,Ecuador,TRUE
1993-06-21,Paraguay,Peru,1,1,Copa América,Cuenca,Ecuador,TRUE
1993-06-24,Chile,Peru,0,1,Copa América,Cuenca,Ecuador,TRUE
1993-06-27,Peru,Mexico,2,4,Copa América,Quito,Ecuador,TRUE
1993-07-13,Peru,Uruguay,1,2,Friendly,Lima,Peru,FALSE
1993-07-17,Uruguay,Peru,3,0,Friendly,Montevideo,Uruguay,FALSE
1993-08-01,Peru,Argentina,0,1,FIFA World Cup qualification,Lima,Peru,FALSE
1993-08-08,Peru,Colombia,0,1,FIFA World Cup qualification,Lima,Peru,FALSE
1993-08-15,Paraguay,Peru,2,1,FIFA World Cup qualification,Asunción,Paraguay,FALSE
1993-08-22,Argentina,Peru,2,1,FIFA World Cup qualification,Buenos Aires,Argentina,FALSE
1993-08-29,Colombia,Peru,4,0,FIFA World Cup qualification,Barranquilla,Colombia,FALSE
1993-09-05,Peru,Paraguay,2,2,FIFA World Cup qualification,Lima,Peru,FALSE
1994-05-03,Colombia,Peru,1,0,Friendly,Miami,United States,TRUE
1994-05-05,Honduras,Peru,2,1,Friendly,Miami,United States,TRUE
1994-05-25,Chile,Peru,2,1,Friendly,Santiago,Chile,FALSE
1994-06-08,Bolivia,Peru,0,0,Friendly,Santa Cruz,Bolivia,FALSE
1994-08-17,Peru,Ecuador,2,0,Friendly,Lima,Peru,FALSE
1994-09-21,Ecuador,Peru,0,0,Friendly,Machala,Ecuador,FALSE
1994-10-19,Peru,Uruguay,0,1,Friendly,Lima,Peru,FALSE
1995-04-05,Uruguay,Peru,1,0,Friendly,Montevideo,Uruguay,FALSE
1995-04-19,Peru,Chile,6,0,Friendly,Lima,Peru,FALSE
1995-05-31,Argentina,Peru,1,0,Friendly,Córdoba,Argentina,FALSE
1995-07-01,Peru,Bolivia,4,1,Friendly,Lima,Peru,FALSE
1995-07-07,Colombia,Peru,1,1,Copa América,Rivera,Uruguay,TRUE
1995-07-10,Brazil,Peru,2,0,Copa América,Rivera,Uruguay,TRUE
1995-07-13,Peru,Ecuador,1,2,Copa América,Rivera,Uruguay,TRUE
1996-02-11,Peru,Bolivia,1,3,Friendly,Lima,Peru,FALSE
1996-02-14,Chile,Peru,4,0,Friendly,Coquimbo,Chile,FALSE
1996-03-07,Bolivia,Peru,2,0,Friendly,Santa Cruz,Bolivia,FALSE
1996-04-24,Ecuador,Peru,4,1,FIFA World Cup qualification,Guayaquil,Ecuador,FALSE
1996-06-02,Peru,Colombia,1,1,FIFA World Cup qualification,Lima,Peru,FALSE
1996-06-20,Peru,Armenia,4,0,Friendly,Lima,Peru,FALSE
1996-07-07,Peru,Argentina,0,0,FIFA World Cup qualification,Lima,Peru,FALSE
1996-08-14,Peru,Costa Rica,3,0,Friendly,Arequipa,Peru,FALSE
1996-09-01,Bolivia,Peru,0,0,FIFA World Cup qualification,La Paz,Bolivia,FALSE
1996-10-16,Peru,United States,4,1,Friendly,Lima,Peru,FALSE
1996-11-10,Peru,Venezuela,4,1,FIFA World Cup qualification,Lima,Peru,FALSE
1996-12-15,Uruguay,Peru,2,0,FIFA World Cup qualification,Montevideo,Uruguay,FALSE
1997-01-12,Peru,Chile,2,1,FIFA World Cup qualification,Lima,Peru,FALSE
1997-01-17,United States,Peru,0,1,USA Cup,San Diego,United States,FALSE
1997-01-22,Mexico,Peru,0,0,USA Cup,Pasadena,United States,TRUE
1997-02-12,Paraguay,Peru,2,1,FIFA World Cup qualification,Asunción,Paraguay,FALSE
1997-04-02,Peru,Ecuador,1,1,FIFA World Cup qualification,Lima,Peru,FALSE
1997-04-30,Colombia,Peru,0,1,FIFA World Cup qualification,Barranquilla,Colombia,FALSE
1997-06-08,Argentina,Peru,2,0,FIFA World Cup qualification,Buenos Aires,Argentina,FALSE
1997-06-12,Peru,Uruguay,1,0,Copa América,Sucre,Bolivia,TRUE
1997-06-15,Bolivia,Peru,2,0,Copa América,La Paz,Bolivia,FALSE
1997-06-18,Peru,Venezuela,2,0,Copa América,Sucre,Bolivia,TRUE
1997-06-21,Peru,Argentina,2,1,Copa América,Sucre,Bolivia,TRUE
1997-06-26,Brazil,Peru,7,0,Copa América,Santa Cruz,Bolivia,TRUE
1997-06-28,Mexico,Peru,1,0,Copa América,Oruro,Bolivia,TRUE
1997-07-06,Peru,Bolivia,2,1,FIFA World Cup qualification,Lima,Peru,FALSE
1997-08-20,Venezuela,Peru,0,3,FIFA World Cup qualification,Barinas,Venezuela,FALSE
1997-08-24,Peru,Colombia,2,1,Friendly,Lima,Peru,FALSE
1997-09-10,Peru,Uruguay,2,1,FIFA World Cup qualification,Lima,Peru,FALSE
1997-10-12,Peru,Chile,0,4,FIFA World Cup qualification,Lima,Peru,FALSE
1997-11-16,Peru,Paraguay,1,0,FIFA World Cup qualification,Lima,Peru,FALSE
1998-04-15,Mexico,Peru,1,0,Friendly,Los Angeles,United States,TRUE
1998-10-10,Netherlands,Peru,2,0,Friendly,Eindhoven,Netherlands,FALSE
1999-02-10,Peru,Ecuador,1,2,Friendly,Lima,Peru,FALSE
1999-02-17,Ecuador,Peru,1,2,Friendly,Guayaquil,Ecuador,FALSE
1999-05-30,Belgium,Peru,1,1,Kirin Cup,Kyoto,Japan,TRUE
1999-06-06,Japan,Peru,0,0,Kirin Cup,Yokohama,Japan,FALSE
1999-06-17,Colombia,Peru,3,3,Friendly,Manizales,Colombia,FALSE
1999-06-20,Venezuela,Peru,3,0,Friendly,Valencia,Venezuela,FALSE
1999-06-23,Peru,Venezuela,3,0,Friendly,Lima,Peru,FALSE
1999-06-29,Peru,Japan,3,2,Copa América,Asunción,Paraguay,TRUE
1999-07-02,Peru,Bolivia,1,0,Copa América,Asunción,Paraguay,TRUE
1999-07-05,Paraguay,Peru,1,0,Copa América,Pedro Juan Caballero,Paraguay,FALSE
1999-07-10,Mexico,Peru,3,3,Copa América,Asunción,Paraguay,TRUE
1999-11-17,Peru,Slovakia,2,1,Friendly,Lima,Peru,FALSE
1999-12-01,Peru,Honduras,0,0,Friendly,Lima,Peru,FALSE
2000-02-14,Haiti,Peru,1,1,Gold Cup,Miami,United States,TRUE
2000-02-16,United States,Peru,1,0,Gold Cup,Miami,United States,FALSE
2000-02-19,Honduras,Peru,3,5,Gold Cup,Miami,United States,TRUE
2000-02-23,Colombia,Peru,2,1,Gold Cup,San Diego,United States,TRUE
2000-03-29,Peru,Paraguay,2,0,FIFA World Cup qualification,Lima,Peru,FALSE
2000-04-26,Chile,Peru,1,1,FIFA World Cup qualification,Santiago,Chile,FALSE
2000-06-04,Peru,Brazil,0,1,FIFA World Cup qualification,Lima,Peru,FALSE
2000-06-29,Ecuador,Peru,2,1,FIFA World Cup qualification,Quito,Ecuador,FALSE
2000-07-19,Peru,Colombia,0,1,FIFA World Cup qualification,Lima,Peru,FALSE
2000-07-26,Uruguay,Peru,0,0,FIFA World Cup qualification,Montevideo,Uruguay,FALSE
2000-08-16,Peru,Venezuela,1,0,FIFA World Cup qualification,Lima,Peru,FALSE
2000-09-03,Peru,Argentina,1,2,FIFA World Cup qualification,Lima,Peru,FALSE
2000-10-08,Bolivia,Peru,1,0,FIFA World Cup qualification,La Paz,Bolivia,FALSE
2000-11-15,Paraguay,Peru,5,1,FIFA World Cup qualification,Asunción,Paraguay,FALSE
2001-03-07,Honduras,Peru,0,0,Friendly,Miami,United States,TRUE
2001-03-27,Peru,Chile,3,1,FIFA World Cup qualification,Lima,Peru,FALSE
2001-04-25,Brazil,Peru,1,1,FIFA World Cup qualification,São Paulo,Brazil,FALSE
2001-06-02,Peru,Ecuador,1,2,FIFA World Cup qualification,Lima,Peru,FALSE
2001-07-12,Peru,Paraguay,3,3,Copa América,Cali,Colombia,TRUE
2001-07-15,Brazil,Peru,2,0,Copa América,Cali,Colombia,TRUE
2001-07-18,Peru,Mexico,1,0,Copa América,Cali,Colombia,TRUE
2001-07-23,Colombia,Peru,3,0,Copa América,Armenia,Colombia,FALSE
2001-08-16,Colombia,Peru,0,1,FIFA World Cup qualification,Bogotá,Colombia,FALSE
2001-09-04,Peru,Uruguay,0,2,FIFA World Cup qualification,Lima,Peru,FALSE
2001-10-06,Venezuela,Peru,3,0,FIFA World Cup qualification,San Cristóbal,Venezuela,FALSE
2001-11-08,Argentina,Peru,2,0,FIFA World Cup qualification,Buenos Aires,Argentina,FALSE
2001-11-14,Peru,Bolivia,1,1,FIFA World Cup qualification,Lima,Peru,FALSE
2003-02-23,Peru,Haiti,5,1,Friendly,Lima,Peru,FALSE
2003-03-30,Chile,Peru,2,0,Friendly,Santiago,Chile,FALSE
2003-04-02,Peru,Chile,3,0,Friendly,Lima,Peru,FALSE
2003-04-30,Peru,Paraguay,0,1,Friendly,Lima,Peru,FALSE
2003-06-11,Ecuador,Peru,2,2,Friendly,East Rutherford,United States,TRUE
2003-06-26,Peru,Venezuela,1,0,Friendly,Miami,United States,TRUE
2003-07-02,Guatemala,Peru,1,2,Friendly,San Francisco,United States,TRUE
2003-07-24,Peru,Uruguay,3,4,Friendly,Lima,Peru,FALSE
2003-07-30,Uruguay,Peru,1,0,Friendly,Montevideo,Uruguay,FALSE
2003-08-20,Mexico,Peru,1,3,Friendly,East Rutherford,United States,TRUE
2003-08-27,Peru,Guatemala,0,0,Friendly,Lima,Peru,FALSE
2003-09-06,Peru,Paraguay,4,1,FIFA World Cup qualification,Lima,Peru,FALSE
2003-09-09,Chile,Peru,2,1,FIFA World Cup qualification,Santiago,Chile,FALSE
2003-11-16,Peru,Brazil,1,1,FIFA World Cup qualification,Lima,Peru,FALSE
2003-11-19,Ecuador,Peru,0,0,FIFA World Cup qualification,Quito,Ecuador,FALSE
2004-02-18,Spain,Peru,2,1,Friendly,Barcelona,Spain,FALSE
2004-03-31,Peru,Colombia,0,2,FIFA World Cup qualification,Lima,Peru,FALSE
2004-04-28,Chile,Peru,1,1,Friendly,Antofagasta,Chile,FALSE
2004-06-01,Uruguay,Peru,1,3,FIFA World Cup qualification,Montevideo,Uruguay,FALSE
2004-06-06,Peru,Venezuela,0,0,FIFA World Cup qualification,Lima,Peru,FALSE
2004-06-30,Argentina,Peru,2,1,Friendly,East Rutherford,United States,TRUE
2004-07-06,Peru,Bolivia,2,2,Copa América,Lima,Peru,FALSE
2004-07-09,Peru,Venezuela,3,1,Copa América,Lima,Peru,FALSE
2004-07-12,Peru,Colombia,2,2,Copa América,Trujillo,Peru,FALSE
2004-07-17,Peru,Argentina,0,1,Copa América,Chiclayo,Peru,FALSE
2004-09-04,Peru,Argentina,1,3,FIFA World Cup qualification,Lima,Peru,FALSE
2004-10-09,Bolivia,Peru,1,0,FIFA World Cup qualification,La Paz,Bolivia,FALSE
2004-10-13,Paraguay,Peru,1,1,FIFA World Cup qualification,Asunción,Paraguay,FALSE
2004-11-17,Peru,Chile,2,1,FIFA World Cup qualification,Lima,Peru,FALSE
2005-03-27,Brazil,Peru,1,0,FIFA World Cup qualification,Goiânia,Brazil,FALSE
2005-03-30,Peru,Ecuador,2,2,FIFA World Cup qualification,Lima,Peru,FALSE
2005-05-22,Japan,Peru,0,1,Kirin Cup,Niigata,Japan,FALSE
2005-05-24,Peru,United Arab Emirates,0,0,Kirin Cup,Toyota,Japan,TRUE
2005-06-04,Colombia,Peru,5,0,FIFA World Cup qualification,Barranquilla,Colombia,FALSE
2005-06-07,Peru,Uruguay,0,0,FIFA World Cup qualification,Lima,Peru,FALSE
2005-08-17,Peru,Chile,3,1,Friendly,Tacna,Peru,FALSE
2005-09-03,Venezuela,Peru,4,1,FIFA World Cup qualification,Maracaibo,Venezuela,FALSE
2005-10-09,Argentina,Peru,2,0,FIFA World Cup qualification,Buenos Aires,Argentina,FALSE
2005-10-12,Peru,Bolivia,4,1,FIFA World Cup qualification,Tacna,Peru,FALSE
2006-05-10,Trinidad and Tobago,Peru,1,1,Friendly,Port of Spain,Trinidad and Tobago,FALSE
2006-08-16,Peru,Panama,0,2,Friendly,Lima,Peru,FALSE
2006-09-06,Ecuador,Peru,1,1,Friendly,East Rutherford,United States,TRUE
2006-10-07,Chile,Peru,3,2,Copa del Pacífico,Viña del Mar,Chile,FALSE
2006-10-11,Peru,Chile,0,1,Copa del Pacífico,Tacna,Peru,FALSE
2006-11-15,Jamaica,Peru,1,1,Friendly,Kingston,Jamaica,FALSE
2006-11-19,Panama,Peru,1,2,Friendly,Panama City,Panama,FALSE
2007-03-24,Japan,Peru,2,0,Friendly,Yokohama,Japan,FALSE
2007-06-03,Ecuador,Peru,1,2,Friendly,Madrid,Spain,TRUE
2007-06-06,Ecuador,Peru,2,0,Friendly,Barcelona,Spain,TRUE
2007-06-26,Uruguay,Peru,0,3,Copa América,Mérida,Venezuela,TRUE
2007-06-30,Venezuela,Peru,2,0,Copa América,San Cristóbal,Venezuela,FALSE
2007-07-03,Peru,Bolivia,2,2,Copa América,Mérida,Venezuela,TRUE
2007-07-08,Argentina,Peru,4,0,Copa América,Barquisimeto,Venezuela,TRUE
2007-08-22,Costa Rica,Peru,1,1,Friendly,San José,Costa Rica,FALSE
2007-09-08,Peru,Colombia,2,2,Friendly,Lima,Peru,FALSE
2007-09-12,Peru,Bolivia,2,0,Friendly,Lima,Peru,FALSE
2007-10-13,Peru,Paraguay,0,0,FIFA World Cup qualification,Lima,Peru,FALSE
2007-10-17,Chile,Peru,2,0,FIFA World Cup qualification,Santiago,Chile,FALSE
2007-11-18,Peru,Brazil,1,1,FIFA World Cup qualification,Lima,Peru,FALSE
2007-11-21,Ecuador,Peru,5,1,FIFA World Cup qualification,Quito,Ecuador,FALSE
2008-02-06,Bolivia,Peru,2,1,Friendly,La Paz,Bolivia,FALSE
2008-03-26,Peru,Costa Rica,3,1,Friendly,Iquitos,Peru,FALSE
2008-05-31,Spain,Peru,2,1,Friendly,Huelva,Spain,FALSE
2008-06-08,Mexico,Peru,4,0,Friendly,Chicago,United States,TRUE
2008-06-14,Peru,Colombia,1,1,FIFA World Cup qualification,Lima,Peru,FALSE
2008-06-17,Uruguay,Peru,6,0,FIFA World Cup qualification,Montevideo,Uruguay,FALSE
2008-09-06,Peru,Venezuela,1,0,FIFA World Cup qualification,Lima,Peru,FALSE
2008-09-10,Peru,Argentina,1,1,FIFA World Cup qualification,Lima,Peru,FALSE
2008-10-11,Bolivia,Peru,3,0,FIFA World Cup qualification,La Paz,Bolivia,FALSE
2008-10-15,Paraguay,Peru,1,0,FIFA World Cup qualification,Asunción,Paraguay,FALSE
2009-02-06,El Salvador,Peru,1,0,Friendly,Los Angeles,United States,TRUE
2009-02-11,Peru,Paraguay,0,1,Friendly,Lima,Peru,FALSE
2009-06-10,Colombia,Peru,1,0,FIFA World Cup qualification,Medellín,Colombia,FALSE
2009-09-05,Peru,Uruguay,1,0,FIFA World Cup qualification,Lima,Peru,FALSE
2009-10-10,Argentina,Peru,2,1,FIFA World Cup qualification,Buenos Aires,Argentina,FALSE
2009-10-14,Peru,Bolivia,1,0,FIFA World Cup qualification,Lima,Peru,FALSE
2009-11-18,Honduras,Peru,1,2,Friendly,Miami Gardens,United States,TRUE
2010-09-04,Canada,Peru,0,2,Friendly,Toronto,Canada,FALSE
2010-09-07,Jamaica,Peru,1,2,Friendly,Fort Lauderdale,United States,TRUE
2010-10-08,Peru,Costa Rica,2,0,Friendly,Lima,Peru,FALSE
2010-10-12,Panama,Peru,1,0,Friendly,Panama City,Panama,FALSE
2010-11-17,Colombia,Peru,1,1,Friendly,Bogotá,Colombia,FALSE
2011-02-08,Peru,Panama,1,0,Friendly,Moquegua,Peru,FALSE
2011-03-29,Ecuador,Peru,0,0,Friendly,The Hague,Netherlands,TRUE
2011-06-01,Japan,Peru,0,0,Kirin Cup,Niigata,Japan,FALSE
2011-06-04,Peru,Czech Republic,0,0,Kirin Cup,Matsumoto,Japan,TRUE
2011-06-28,Peru,Senegal,1,0,Friendly,Lima,Peru,FALSE
2011-07-04,Uruguay,Peru,1,1,Copa América,San Juan,Argentina,TRUE
2011-07-08,Peru,Mexico,1,0,Copa América,Mendoza,Argentina,TRUE
2011-07-12,Chile,Peru,1,0,Copa América,Mendoza,Argentina,TRUE
2011-07-16,Colombia,Peru,0,2,Copa América,Córdoba,Argentina,TRUE
2011-07-19,Peru,Uruguay,0,2,Copa América,La Plata,Argentina,TRUE
2011-07-23,Peru,Venezuela,4,1,Copa América,La Plata,Argentina,TRUE
2011-09-02,Peru,Bolivia,2,2,Friendly,Lima,Peru,FALSE
2011-09-05,Bolivia,Peru,0,0,Friendly,La Paz,Bolivia,FALSE
2011-10-07,Peru,Paraguay,2,0,FIFA World Cup qualification,Lima,Peru,FALSE
2011-10-11,Chile,Peru,4,2,FIFA World Cup qualification,Santiago,Chile,FALSE
2011-11-15,Ecuador,Peru,2,0,FIFA World Cup qualification,Quito,Ecuador,FALSE
2012-02-29,Tunisia,Peru,1,1,Friendly,Tunis,Tunisia,FALSE
2012-03-21,Chile,Peru,3,1,Copa del Pacífico,Arica,Chile,FALSE
2012-04-11,Peru,Chile,0,3,Copa del Pacífico,Tacna,Peru,FALSE
2012-05-23,Peru,Nigeria,1,0,Friendly,Lima,Peru,FALSE
2012-06-03,Peru,Colombia,0,1,FIFA World Cup qualification,Lima,Peru,FALSE
2012-06-10,Uruguay,Peru,4,2,FIFA World Cup qualification,Montevideo,Uruguay,FALSE
2012-08-15,Costa Rica,Peru,0,1,Friendly,San José,Costa Rica,FALSE
2012-09-07,Peru,Venezuela,2,1,FIFA World Cup qualification,Lima,Peru,FALSE
2012-09-11,Peru,Argentina,1,1,FIFA World Cup qualification,Lima,Peru,FALSE
2012-10-12,Bolivia,Peru,1,1,FIFA World Cup qualification,La Paz,Bolivia,FALSE
2012-10-16,Paraguay,Peru,1,0,FIFA World Cup qualification,Asunción,Paraguay,FALSE
2012-11-14,Honduras,Peru,0,0,Friendly,Houston,United States,TRUE
2013-03-22,Peru,Chile,1,0,FIFA World Cup qualification,Lima,Peru,FALSE
2013-03-26,Peru,Trinidad and Tobago,3,0,Friendly,Lima,Peru,FALSE
2013-04-17,Mexico,Peru,0,0,Friendly,San Francisco,United States,TRUE
2013-06-01,Panama,Peru,1,2,Friendly,Panama City,Panama,FALSE
2013-06-07,Peru,Ecuador,1,0,FIFA World Cup qualification,Lima,Peru,FALSE
2013-06-11,Colombia,Peru,2,0,FIFA World Cup qualification,Barranquilla,Colombia,FALSE
2013-08-14,South Korea,Peru,0,0,Friendly,Suwon,South Korea,FALSE
2013-09-06,Peru,Uruguay,1,2,FIFA World Cup qualification,Lima,Peru,FALSE
2013-09-10,Venezuela,Peru,3,2,FIFA World Cup qualification,Puerto la Cruz,Venezuela,FALSE
2013-10-11,Argentina,Peru,3,1,FIFA World Cup qualification,Buenos Aires,Argentina,FALSE
2013-10-15,Peru,Bolivia,1,1,FIFA World Cup qualification,Lima,Peru,FALSE
2013-12-28,Basque Country,Peru,6,0,Friendly,Bilbao,Spain,FALSE
2014-05-30,England,Peru,3,0,Friendly,London,England,FALSE
2014-06-03,Switzerland,Peru,2,0,Friendly,Lucerne,Switzerland,FALSE
2014-09-04,Iraq,Peru,0,2,Friendly,Dubai,United Arab Emirates,TRUE
2014-09-09,Qatar,Peru,0,2,Friendly,Doha,Qatar,FALSE
2014-11-14,Paraguay,Peru,2,1,Friendly,Luque,Paraguay,FALSE
2014-11-18,Peru,Paraguay,2,1,Friendly,Lima,Peru,FALSE
2015-03-31,Peru,Venezuela,0,1,Friendly,Fort Lauderdale,United States,TRUE
2015-06-14,Brazil,Peru,2,1,Copa América,Temuco,Chile,TRUE
2015-06-18,Peru,Venezuela,1,0,Copa América,Valparaíso,Chile,TRUE
2015-06-21,Colombia,Peru,0,0,Copa América,Temuco,Chile,TRUE
2015-06-25,Bolivia,Peru,1,3,Copa América,Temuco,Chile,TRUE
2015-06-29,Chile,Peru,2,1,Copa América,Santiago,Chile,FALSE
2015-07-03,Peru,Paraguay,2,0,Copa América,Concepción,Chile,TRUE
2015-10-08,Colombia,Peru,2,0,FIFA World Cup qualification,Barranquilla,Colombia,FALSE
2015-10-13,Peru,Chile,3,4,FIFA World Cup qualification,Lima,Peru,FALSE
2015-11-13,Peru,Paraguay,1,0,FIFA World Cup qualification,Lima,Peru,FALSE
2015-11-17,Brazil,Peru,3,0,FIFA World Cup qualification,Salvador,Brazil,FALSE
2016-03-24,Peru,Venezuela,2,2,FIFA World Cup qualification,Lima,Peru,FALSE
2016-03-29,Uruguay,Peru,1,0,FIFA World Cup qualification,Montevideo,Uruguay,FALSE
2016-05-28,El Salvador,Peru,1,3,Friendly,Seattle,United States,TRUE
2016-06-04,Haiti,Peru,0,1,Copa América,Seattle,United States,TRUE
2016-06-08,Ecuador,Peru,2,2,Copa América,Glendale,United States,TRUE
2016-06-12,Brazil,Peru,0,1,Copa América,Foxborough,United States,TRUE
2016-06-17,Peru,Colombia,0,0,Copa América,East Rutherford,United States,TRUE
2016-09-01,Bolivia,Peru,0,3,FIFA World Cup qualification,La Paz,Bolivia,FALSE
2016-09-06,Peru,Ecuador,2,1,FIFA World Cup qualification,Lima,Peru,FALSE
2016-10-06,Peru,Argentina,2,2,FIFA World Cup qualification,Lima,Peru,FALSE
2016-10-11,Chile,Peru,2,1,FIFA World Cup qualification,Santiago,Chile,FALSE
2016-11-10,Paraguay,Peru,1,4,FIFA World Cup qualification,Asunción,Paraguay,FALSE
2016-11-15,Peru,Brazil,0,2,FIFA World Cup qualification,Lima,Peru,FALSE
2017-03-23,Venezuela,Peru,2,2,FIFA World Cup qualification,Maturín,Venezuela,FALSE
2017-03-28,Peru,Uruguay,2,1,FIFA World Cup qualification,Lima,Peru,FALSE
2017-06-08,Peru,Paraguay,1,0,Friendly,Trujillo,Peru,FALSE
2017-08-31,Peru,Bolivia,2,1,FIFA World Cup qualification,Lima,Peru,FALSE
2017-09-05,Ecuador,Peru,0,2,FIFA World Cup qualification,Quito,Ecuador,FALSE
2017-10-05,Argentina,Peru,0,0,FIFA World Cup qualification,Buenos Aires,Argentina,FALSE
2017-10-10,Peru,Colombia,1,1,FIFA World Cup qualification,Lima,Peru,FALSE
2017-11-11,New Zealand,Peru,0,0,FIFA World Cup qualification,Wellington,New Zealand,FALSE
2017-11-15,Peru,New Zealand,2,0,FIFA World Cup qualification,Lima,Peru,FALSE
2018-03-23,Peru,Croatia,2,0,Friendly,Miami Gardens,United States,TRUE
2018-03-27,Peru,Iceland,3,1,Friendly,Harrison,United States,TRUE
2018-05-29,Peru,Scotland,2,0,Friendly,Lima,Peru,FALSE
2018-06-03,Saudi Arabia,Peru,0,3,Friendly,St. Gallen,Switzerland,TRUE
2018-06-09,Sweden,Peru,0,0,Friendly,Gothenburg,Sweden,FALSE
2018-06-16,Peru,Denmark,0,1,FIFA World Cup,Saransk,Russia,TRUE
2018-06-21,France,Peru,1,0,FIFA World Cup,Ekaterinburg,Russia,TRUE
2018-06-26,Australia,Peru,0,2,FIFA World Cup,Sochi,Russia,TRUE
2018-09-06,Netherlands,Peru,2,1,Friendly,Amsterdam,Netherlands,FALSE
2018-09-09,Germany,Peru,2,1,Friendly,Sinsheim,Germany,FALSE
2018-10-12,Peru,Chile,3,0,Friendly,Miami Gardens,United States,TRUE
2018-10-16,United States,Peru,1,1,Friendly,East Hartford,United States,FALSE
2018-11-15,Peru,Ecuador,0,2,Friendly,Lima,Peru,FALSE
2018-11-20,Peru,Costa Rica,2,3,Friendly,Arequipa,Peru,FALSE
2019-03-22,Peru,Paraguay,1,0,Friendly,Harrison,United States,TRUE
2019-03-26,Peru,El Salvador,0,2,Friendly,Washington,United States,TRUE
2019-06-05,Peru,Costa Rica,1,0,Friendly,Lima,Peru,FALSE
2019-06-09,Peru,Colombia,0,3,Friendly,Lima,Peru,FALSE
2019-06-15,Venezuela,Peru,0,0,Copa América,Porto Alegre,Brazil,TRUE
2019-06-18,Bolivia,Peru,1,3,Copa América,Rio de Janeiro,Brazil,TRUE
2019-06-22,Peru,Brazil,0,5,Copa América,São Paulo,Brazil,TRUE
2019-06-29,Uruguay,Peru,0,0,Copa América,Salvador,Brazil,TRUE
2019-07-03,Chile,Peru,0,3,Copa América,Porto Alegre,Brazil,TRUE
2019-07-07,Brazil,Peru,3,1,Copa América,Rio de Janeiro,Brazil,FALSE
2019-09-05,Peru,Ecuador,0,1,Friendly,Harrison,United States,TRUE
2019-09-10,Brazil,Peru,0,1,Friendly,Los Angeles,United States,TRUE
2019-10-11,Uruguay,Peru,1,0,Friendly,Montevideo,Uruguay,FALSE
2019-10-15,Peru,Uruguay,1,1,Friendly,Lima,Peru,FALSE
2019-11-15,Colombia,Peru,1,0,Friendly,Miami Gardens,United States,TRUE
